timestamp,mean
2025-10-09 17:38:48.708696+02:00,9999797.36967
2025-10-09 17:38:49.859455+02:00,9999797.36381
2025-10-09 17:38:51.010153+02:00,9999797.35176
2025-10-09 17:38:52.160847+02:00,9999797.35198
2025-10-09 17:38:53.311792+02:00,9999797.37803
2025-10-09 17:38:54.463044+02:00,9999797.39571
2025-10-09 17:38:55.613650+02:00,9999797.41187
2025-10-09 17:38:56.764051+02:00,9999797.39671
2025-10-09 17:38:57.914772+02:00,9999797.41586
2025-10-09 17:38:59.065357+02:00,9999797.44497
2025-10-09 17:39:00.215635+02:00,9999797.46474
2025-10-09 17:39:01.366114+02:00,9999797.45477
2025-10-09 17:39:02.516944+02:00,9999797.46141
2025-10-09 17:39:03.667640+02:00,9999797.44747
2025-10-09 17:39:04.818223+02:00,9999797.43033
2025-10-09 17:39:05.968971+02:00,9999797.42417
2025-10-09 17:39:07.119745+02:00,9999797.43323
2025-10-09 17:39:08.270925+02:00,9999797.48536
2025-10-09 17:39:09.421935+02:00,9999797.5188
2025-10-09 17:39:10.572943+02:00,9999797.53942
2025-10-09 17:39:11.723730+02:00,9999797.57227
2025-10-09 17:39:12.874101+02:00,9999797.57987
2025-10-09 17:39:14.025142+02:00,9999797.60445
2025-10-09 17:39:15.175875+02:00,9999797.61071
2025-10-09 17:39:16.326299+02:00,9999797.62208
2025-10-09 17:39:17.476698+02:00,9999797.64548
2025-10-09 17:39:18.627647+02:00,9999797.64779
2025-10-09 17:39:19.778298+02:00,9999797.67429
2025-10-09 17:39:20.928826+02:00,9999797.66048
2025-10-09 17:39:22.079512+02:00,9999797.68032
2025-10-09 17:39:23.229728+02:00,9999797.68511
2025-10-09 17:39:24.380086+02:00,9999797.68802
2025-10-09 17:39:25.530481+02:00,9999797.6974
2025-10-09 17:39:26.681000+02:00,9999797.70633
2025-10-09 17:39:27.831467+02:00,9999797.70747
2025-10-09 17:39:28.981473+02:00,9999797.70283
2025-10-09 17:39:30.131964+02:00,9999797.76726
2025-10-09 17:39:31.282762+02:00,9999797.75342
2025-10-09 17:39:32.433619+02:00,9999797.74691
2025-10-09 17:39:33.584804+02:00,9999797.75819
2025-10-09 17:39:34.735728+02:00,9999797.77867
2025-10-09 17:39:35.886297+02:00,9999797.77922
2025-10-09 17:39:37.037665+02:00,9999797.78545
2025-10-09 17:39:38.189301+02:00,9999797.78114
2025-10-09 17:39:39.339700+02:00,9999797.78895
2025-10-09 17:39:40.490852+02:00,9999797.83724
2025-10-09 17:39:41.642038+02:00,9999797.80252
2025-10-09 17:39:42.793276+02:00,9999797.78944
2025-10-09 17:39:43.943942+02:00,9999797.79302
2025-10-09 17:39:45.094990+02:00,9999797.80729
2025-10-09 17:39:46.245736+02:00,9999797.84443
2025-10-09 17:39:47.396943+02:00,9999797.81638
2025-10-09 17:39:48.547629+02:00,9999797.81055
2025-10-09 17:39:49.698316+02:00,9999797.78684
2025-10-09 17:39:50.849464+02:00,9999797.77455
2025-10-09 17:39:52.000322+02:00,9999797.80491
2025-10-09 17:39:53.150880+02:00,9999797.81868
2025-10-09 17:39:54.301550+02:00,9999797.80518
2025-10-09 17:39:55.451981+02:00,9999797.84866
2025-10-09 17:39:56.602117+02:00,9999797.82921
2025-10-09 17:39:57.752913+02:00,9999797.83228
2025-10-09 17:39:58.903727+02:00,9999797.83447
2025-10-09 17:40:00.054511+02:00,9999797.8313
2025-10-09 17:40:01.205204+02:00,9999797.84736
2025-10-09 17:40:02.355949+02:00,9999797.86778
2025-10-09 17:40:03.507303+02:00,9999797.87454
2025-10-09 17:40:04.658323+02:00,9999797.84693
2025-10-09 17:40:05.809017+02:00,9999797.85693
2025-10-09 17:40:06.959967+02:00,9999797.90334
2025-10-09 17:40:08.111177+02:00,9999797.85943
2025-10-09 17:40:09.262056+02:00,9999797.87652
2025-10-09 17:40:10.413048+02:00,9999797.87692
2025-10-09 17:40:11.564413+02:00,9999797.89759
2025-10-09 17:40:12.715300+02:00,9999797.91213
2025-10-09 17:40:13.866141+02:00,9999797.94121
2025-10-09 17:40:15.017649+02:00,9999797.92784
2025-10-09 17:40:16.168013+02:00,9999798.00051
2025-10-09 17:40:17.318831+02:00,9999798.00512
2025-10-09 17:40:18.470070+02:00,9999798.02598
2025-10-09 17:40:19.620854+02:00,9999798.0017
2025-10-09 17:40:20.771896+02:00,9999798.04244
2025-10-09 17:40:21.922733+02:00,9999798.07644
2025-10-09 17:40:23.073279+02:00,9999798.05251
2025-10-09 17:40:24.224043+02:00,9999798.04958
2025-10-09 17:40:25.375054+02:00,9999798.0504
2025-10-09 17:40:26.525885+02:00,9999798.04293
2025-10-09 17:40:27.676530+02:00,9999798.04443
2025-10-09 17:40:28.827309+02:00,9999798.02105
2025-10-09 17:40:29.978045+02:00,9999798.02916
2025-10-09 17:40:31.128747+02:00,9999798.0342
2025-10-09 17:40:32.279651+02:00,9999798.10345
2025-10-09 17:40:33.430504+02:00,9999798.07722
2025-10-09 17:40:34.581475+02:00,9999798.06656
2025-10-09 17:40:35.732003+02:00,9999798.06247
2025-10-09 17:40:36.882902+02:00,9999798.07345
2025-10-09 17:40:38.034009+02:00,9999798.10331
2025-10-09 17:40:39.185604+02:00,9999798.11927
2025-10-09 17:40:40.336415+02:00,9999798.12551
2025-10-09 17:40:41.487613+02:00,9999798.15329
2025-10-09 17:40:42.638512+02:00,9999798.17984
2025-10-09 17:40:43.789528+02:00,9999798.21399
2025-10-09 17:40:44.940741+02:00,9999798.2193
2025-10-09 17:40:46.091651+02:00,9999798.25444
2025-10-09 17:40:47.242551+02:00,9999798.21483
2025-10-09 17:40:48.393199+02:00,9999798.23504
2025-10-09 17:40:49.543961+02:00,9999798.24201
2025-10-09 17:40:50.694822+02:00,9999798.2798
2025-10-09 17:40:51.845651+02:00,9999798.26998
2025-10-09 17:40:52.996295+02:00,9999798.25569
2025-10-09 17:40:54.147492+02:00,9999798.2728
2025-10-09 17:40:55.298151+02:00,9999798.29008
2025-10-09 17:40:56.449060+02:00,9999798.22227
2025-10-09 17:40:57.600079+02:00,9999798.21467
2025-10-09 17:40:58.751166+02:00,9999798.25137
2025-10-09 17:40:59.901919+02:00,9999798.24834
2025-10-09 17:41:01.052574+02:00,9999798.28865
2025-10-09 17:41:02.202977+02:00,9999798.28059
2025-10-09 17:41:03.353610+02:00,9999798.23317
2025-10-09 17:41:04.504325+02:00,9999798.20935
2025-10-09 17:41:05.655116+02:00,9999798.18342
2025-10-09 17:41:06.805560+02:00,9999798.17181
2025-10-09 17:41:07.956062+02:00,9999798.15798
2025-10-09 17:41:09.106695+02:00,9999798.16012
2025-10-09 17:41:10.257499+02:00,9999798.1394
2025-10-09 17:41:11.407858+02:00,9999798.12372
2025-10-09 17:41:12.558498+02:00,9999798.1943
2025-10-09 17:41:13.709146+02:00,9999798.22135
2025-10-09 17:41:14.859677+02:00,9999798.20756
2025-10-09 17:41:16.010958+02:00,9999798.17013
2025-10-09 17:41:17.161528+02:00,9999798.16384
2025-10-09 17:41:18.311809+02:00,9999798.14827
2025-10-09 17:41:19.462163+02:00,9999798.14271
2025-10-09 17:41:20.612479+02:00,9999798.16178
2025-10-09 17:41:21.763344+02:00,9999798.18554
2025-10-09 17:41:22.913964+02:00,9999798.17865
2025-10-09 17:41:24.064802+02:00,9999798.20613
2025-10-09 17:41:25.215848+02:00,9999798.20289
2025-10-09 17:41:26.366055+02:00,9999798.19368
2025-10-09 17:41:27.516903+02:00,9999798.16888
2025-10-09 17:41:28.667616+02:00,9999798.16669
2025-10-09 17:41:29.818274+02:00,9999798.18466
2025-10-09 17:41:30.969265+02:00,9999798.17884
2025-10-09 17:41:32.120119+02:00,9999798.18491
2025-10-09 17:41:33.270893+02:00,9999798.2099
2025-10-09 17:41:34.421608+02:00,9999798.23919
2025-10-09 17:41:35.572285+02:00,9999798.19299
2025-10-09 17:41:36.723207+02:00,9999798.22379
2025-10-09 17:41:37.874372+02:00,9999798.24429
2025-10-09 17:41:39.025321+02:00,9999798.22756
2025-10-09 17:41:40.175561+02:00,9999798.20783
2025-10-09 17:41:41.325898+02:00,9999798.21098
2025-10-09 17:41:42.477045+02:00,9999798.19596
2025-10-09 17:41:43.628054+02:00,9999798.20493
2025-10-09 17:41:44.779344+02:00,9999798.1969
2025-10-09 17:41:45.930897+02:00,9999798.1946
2025-10-09 17:41:47.081958+02:00,9999798.20906
2025-10-09 17:41:48.232993+02:00,9999798.20013
2025-10-09 17:41:49.383843+02:00,9999798.23799
2025-10-09 17:41:50.534834+02:00,9999798.27625
2025-10-09 17:41:51.685724+02:00,9999798.27766
2025-10-09 17:41:52.836994+02:00,9999798.23805
2025-10-09 17:41:53.987853+02:00,9999798.23325
2025-10-09 17:41:55.139042+02:00,9999798.20757
2025-10-09 17:41:56.290031+02:00,9999798.20333
2025-10-09 17:41:57.441738+02:00,9999798.19685
2025-10-09 17:41:58.591994+02:00,9999798.17013
2025-10-09 17:41:59.743070+02:00,9999798.19067
2025-10-09 17:42:00.894325+02:00,9999798.17729
2025-10-09 17:42:02.045699+02:00,9999798.17314
2025-10-09 17:42:03.196682+02:00,9999798.14781
2025-10-09 17:42:04.347696+02:00,9999798.15589
2025-10-09 17:42:05.498997+02:00,9999798.17354
2025-10-09 17:42:06.649744+02:00,9999798.16663
2025-10-09 17:42:07.800673+02:00,9999798.14873
2025-10-09 17:42:08.951640+02:00,9999798.14048
2025-10-09 17:42:10.102648+02:00,9999798.11205
2025-10-09 17:42:11.253673+02:00,9999798.10761
2025-10-09 17:42:12.405085+02:00,9999798.10991
2025-10-09 17:42:13.555927+02:00,9999798.10069
2025-10-09 17:42:14.707107+02:00,9999798.03906
2025-10-09 17:42:15.857690+02:00,9999798.01405
2025-10-09 17:42:17.008177+02:00,9999798.02153
2025-10-09 17:42:18.158772+02:00,9999798.01909
2025-10-09 17:42:19.309776+02:00,9999798.03895
2025-10-09 17:42:20.460046+02:00,9999798.03822
2025-10-09 17:42:21.611014+02:00,9999798.05197
2025-10-09 17:42:22.761866+02:00,9999798.03531
2025-10-09 17:42:23.912633+02:00,9999798.01966
2025-10-09 17:42:25.063547+02:00,9999797.99894
2025-10-09 17:42:26.214440+02:00,9999797.98299
2025-10-09 17:42:27.365601+02:00,9999797.99395
2025-10-09 17:42:28.516537+02:00,9999797.98223
2025-10-09 17:42:29.667852+02:00,9999798.02685
2025-10-09 17:42:30.819492+02:00,9999797.99245
2025-10-09 17:42:31.970842+02:00,9999798.01649
2025-10-09 17:42:33.122280+02:00,9999798.04117
2025-10-09 17:42:34.273016+02:00,9999798.06521
2025-10-09 17:42:35.423757+02:00,9999798.05607
2025-10-09 17:42:36.574842+02:00,9999798.04809
2025-10-09 17:42:37.725657+02:00,9999798.05533
2025-10-09 17:42:38.876636+02:00,9999798.02842
2025-10-09 17:42:40.027943+02:00,9999798.01494
2025-10-09 17:42:41.178932+02:00,9999798.00382
2025-10-09 17:42:42.329699+02:00,9999798.00444
2025-10-09 17:42:43.480198+02:00,9999797.98244
2025-10-09 17:42:44.631222+02:00,9999798.01388
2025-10-09 17:42:45.782849+02:00,9999798.02256
2025-10-09 17:42:46.933963+02:00,9999797.99368
2025-10-09 17:42:48.085015+02:00,9999798.01133
2025-10-09 17:42:49.235882+02:00,9999797.99598
2025-10-09 17:42:50.386503+02:00,9999798.00377
2025-10-09 17:42:51.537543+02:00,9999797.97528
2025-10-09 17:42:52.688265+02:00,9999797.97965
2025-10-09 17:42:53.839104+02:00,9999797.96504
2025-10-09 17:42:54.990133+02:00,9999797.9509
2025-10-09 17:42:56.141053+02:00,9999797.93858
2025-10-09 17:42:57.291930+02:00,9999797.96164
2025-10-09 17:42:58.443515+02:00,9999797.97273
2025-10-09 17:42:59.594479+02:00,9999797.97268
2025-10-09 17:43:00.745037+02:00,9999797.96462
2025-10-09 17:43:01.896225+02:00,9999797.95792
2025-10-09 17:43:03.047780+02:00,9999797.98597
2025-10-09 17:43:04.198495+02:00,9999797.99405
2025-10-09 17:43:05.349482+02:00,9999797.98518
2025-10-09 17:43:06.500730+02:00,9999797.98361
2025-10-09 17:43:07.651700+02:00,9999797.98272
2025-10-09 17:43:08.802479+02:00,9999797.99148
2025-10-09 17:43:09.953530+02:00,9999797.98697
2025-10-09 17:43:11.104087+02:00,9999797.9918
2025-10-09 17:43:12.255160+02:00,9999798.00401
2025-10-09 17:43:13.405761+02:00,9999798.01361
2025-10-09 17:43:14.556089+02:00,9999798.01581
2025-10-09 17:43:15.706969+02:00,9999798.03453
2025-10-09 17:43:16.857418+02:00,9999798.04063
2025-10-09 17:43:18.008215+02:00,9999798.04153
2025-10-09 17:43:19.159502+02:00,9999798.06233
2025-10-09 17:43:20.310681+02:00,9999798.10855
2025-10-09 17:43:21.461503+02:00,9999798.12353
2025-10-09 17:43:22.612497+02:00,9999798.14606
2025-10-09 17:43:23.763878+02:00,9999798.13177
2025-10-09 17:43:24.914996+02:00,9999798.12315
2025-10-09 17:43:26.065622+02:00,9999798.10093
2025-10-09 17:43:27.216539+02:00,9999798.10902
2025-10-09 17:43:28.367061+02:00,9999798.15261
2025-10-09 17:43:29.517886+02:00,9999798.158
2025-10-09 17:43:30.669045+02:00,9999798.13782
2025-10-09 17:43:31.820358+02:00,9999798.14832
2025-10-09 17:43:32.971805+02:00,9999798.15158
2025-10-09 17:43:34.123285+02:00,9999798.16275
2025-10-09 17:43:35.274136+02:00,9999798.18645
2025-10-09 17:43:36.425415+02:00,9999798.19449
2025-10-09 17:43:37.575937+02:00,9999798.21608
2025-10-09 17:43:38.726880+02:00,9999798.21755
2025-10-09 17:43:39.877788+02:00,9999798.21315
2025-10-09 17:43:41.028806+02:00,9999798.22248
2025-10-09 17:43:42.180035+02:00,9999798.20727
2025-10-09 17:43:43.331548+02:00,9999798.21671
2025-10-09 17:43:44.482261+02:00,9999798.26048
2025-10-09 17:43:45.632893+02:00,9999798.26211
2025-10-09 17:43:46.783760+02:00,9999798.24142
2025-10-09 17:43:47.934837+02:00,9999798.23005
2025-10-09 17:43:49.085704+02:00,9999798.22015
2025-10-09 17:43:50.236246+02:00,9999798.26715
2025-10-09 17:43:51.387097+02:00,9999798.23178
2025-10-09 17:43:52.537662+02:00,9999798.23225
2025-10-09 17:43:53.688333+02:00,9999798.23738
2025-10-09 17:43:54.838922+02:00,9999798.21486
2025-10-09 17:43:55.989687+02:00,9999798.21006
2025-10-09 17:43:57.139981+02:00,9999798.21732
2025-10-09 17:43:58.290543+02:00,9999798.20533
2025-10-09 17:43:59.441660+02:00,9999798.19134
2025-10-09 17:44:00.592530+02:00,9999798.20002
2025-10-09 17:44:01.743210+02:00,9999798.20466
2025-10-09 17:44:02.893823+02:00,9999798.20829
2025-10-09 17:44:04.044909+02:00,9999798.21163
2025-10-09 17:44:05.195555+02:00,9999798.21022
2025-10-09 17:44:06.346169+02:00,9999798.23662
2025-10-09 17:44:07.497510+02:00,9999798.23827
2025-10-09 17:44:08.648131+02:00,9999798.23555
2025-10-09 17:44:09.799001+02:00,9999798.22048
2025-10-09 17:44:10.949676+02:00,9999798.2061
2025-10-09 17:44:12.101183+02:00,9999798.18801
2025-10-09 17:44:13.252739+02:00,9999798.16216
2025-10-09 17:44:14.403714+02:00,9999798.18955
2025-10-09 17:44:15.554196+02:00,9999798.20898
2025-10-09 17:44:16.705066+02:00,9999798.17886
2025-10-09 17:44:17.855541+02:00,9999798.16411
2025-10-09 17:44:19.006258+02:00,9999798.1643
2025-10-09 17:44:20.157305+02:00,9999798.16148
2025-10-09 17:44:21.307972+02:00,9999798.1341
2025-10-09 17:44:22.458727+02:00,9999798.1286
2025-10-09 17:44:23.609561+02:00,9999798.15141
2025-10-09 17:44:24.760429+02:00,9999798.16484
2025-10-09 17:44:25.910747+02:00,9999798.16079
2025-10-09 17:44:27.062226+02:00,9999798.15282
2025-10-09 17:44:28.213481+02:00,9999798.14273
2025-10-09 17:44:29.364437+02:00,9999798.11715
2025-10-09 17:44:30.515764+02:00,9999798.12483
2025-10-09 17:44:31.666869+02:00,9999798.15933
2025-10-09 17:44:32.817762+02:00,9999798.15624
2025-10-09 17:44:33.968633+02:00,9999798.15253
2025-10-09 17:44:35.119690+02:00,9999798.14857
2025-10-09 17:44:36.270591+02:00,9999798.10899
2025-10-09 17:44:37.421384+02:00,9999798.09922
2025-10-09 17:44:38.571612+02:00,9999798.08726
2025-10-09 17:44:39.722177+02:00,9999798.08742
2025-10-09 17:44:40.872954+02:00,9999798.0683
2025-10-09 17:44:42.023663+02:00,9999798.06041
2025-10-09 17:44:43.174433+02:00,9999798.04578
2025-10-09 17:44:44.325649+02:00,9999798.06236
2025-10-09 17:44:45.476677+02:00,9999798.05601
2025-10-09 17:44:46.627166+02:00,9999798.06928
2025-10-09 17:44:47.778203+02:00,9999798.07413
2025-10-09 17:44:48.929490+02:00,9999798.0622
2025-10-09 17:44:50.080206+02:00,9999798.10853
2025-10-09 17:44:51.230907+02:00,9999798.1181
2025-10-09 17:44:52.381318+02:00,9999798.12914
2025-10-09 17:44:53.532010+02:00,9999798.15198
2025-10-09 17:44:54.683146+02:00,9999798.14018
2025-10-09 17:44:55.833704+02:00,9999798.11091
2025-10-09 17:44:56.984191+02:00,9999798.12114
2025-10-09 17:44:58.135176+02:00,9999798.1216
2025-10-09 17:44:59.286101+02:00,9999798.11913
2025-10-09 17:45:00.437853+02:00,9999798.12627
2025-10-09 17:45:01.588787+02:00,9999798.1558
2025-10-09 17:45:02.739944+02:00,9999798.14295
2025-10-09 17:45:03.891385+02:00,9999798.13354
2025-10-09 17:45:05.042566+02:00,9999798.17754
2025-10-09 17:45:06.194220+02:00,9999798.20038
2025-10-09 17:45:07.345476+02:00,9999798.18152
2025-10-09 17:45:08.496283+02:00,9999798.18679
2025-10-09 17:45:09.647281+02:00,9999798.19395
2025-10-09 17:45:10.798366+02:00,9999798.16199
2025-10-09 17:45:11.949561+02:00,9999798.16991
2025-10-09 17:45:13.100966+02:00,9999798.17005
2025-10-09 17:45:14.251720+02:00,9999798.15999
2025-10-09 17:45:15.402769+02:00,9999798.17056
2025-10-09 17:45:16.553825+02:00,9999798.19859
2025-10-09 17:45:17.704759+02:00,9999798.20401
2025-10-09 17:45:18.855798+02:00,9999798.2042
2025-10-09 17:45:20.006366+02:00,9999798.22288
2025-10-09 17:45:21.157426+02:00,9999798.19202
2025-10-09 17:45:22.308039+02:00,9999798.18795
2025-10-09 17:45:23.458940+02:00,9999798.19224
2025-10-09 17:45:24.610405+02:00,9999798.1928
2025-10-09 17:45:25.761374+02:00,9999798.22531
2025-10-09 17:45:26.912112+02:00,9999798.20553
2025-10-09 17:45:28.063078+02:00,9999798.17957
2025-10-09 17:45:29.213965+02:00,9999798.17992
2025-10-09 17:45:30.364970+02:00,9999798.14618
2025-10-09 17:45:31.515556+02:00,9999798.12217
2025-10-09 17:45:32.666084+02:00,9999798.10023
2025-10-09 17:45:33.816442+02:00,9999798.09106
2025-10-09 17:45:34.967188+02:00,9999798.07899
2025-10-09 17:45:36.117694+02:00,9999798.05973
2025-10-09 17:45:37.269080+02:00,9999798.06184
2025-10-09 17:45:38.419766+02:00,9999798.0976
2025-10-09 17:45:39.570015+02:00,9999798.09269
2025-10-09 17:45:40.720666+02:00,9999798.04391
2025-10-09 17:45:41.871469+02:00,9999798.04652
2025-10-09 17:45:43.022251+02:00,9999798.06428
2025-10-09 17:45:44.172918+02:00,9999798.04565
2025-10-09 17:45:45.323640+02:00,9999798.02994
2025-10-09 17:45:46.474953+02:00,9999798.04117
2025-10-09 17:45:47.625538+02:00,9999798.06374
2025-10-09 17:45:48.775949+02:00,9999798.09212
2025-10-09 17:45:49.926468+02:00,9999798.08056
2025-10-09 17:45:51.077352+02:00,9999798.08083
2025-10-09 17:45:52.227889+02:00,9999798.08048
2025-10-09 17:45:53.377994+02:00,9999798.11585
2025-10-09 17:45:54.528807+02:00,9999798.08816
2025-10-09 17:45:55.679802+02:00,9999798.09422
2025-10-09 17:45:56.831030+02:00,9999798.08807
2025-10-09 17:45:57.982295+02:00,9999798.1207
2025-10-09 17:45:59.133334+02:00,9999798.12743
2025-10-09 17:46:00.283709+02:00,9999798.13601
2025-10-09 17:46:01.434800+02:00,9999798.10891
2025-10-09 17:46:02.585858+02:00,9999798.13394
2025-10-09 17:46:03.736793+02:00,9999798.15825
2025-10-09 17:46:04.887484+02:00,9999798.15814
2025-10-09 17:46:06.037636+02:00,9999798.1286
2025-10-09 17:46:07.188061+02:00,9999798.11458
2025-10-09 17:46:08.338887+02:00,9999798.10473
2025-10-09 17:46:09.489786+02:00,9999798.07537
2025-10-09 17:46:10.640026+02:00,9999798.07844
2025-10-09 17:46:11.790914+02:00,9999798.1031
2025-10-09 17:46:12.941724+02:00,9999798.12347
2025-10-09 17:46:14.092719+02:00,9999798.13647
2025-10-09 17:46:15.243518+02:00,9999798.11927
2025-10-09 17:46:16.394344+02:00,9999798.09862
2025-10-09 17:46:17.545460+02:00,9999798.0654
2025-10-09 17:46:18.695597+02:00,9999798.07096
2025-10-09 17:46:19.845973+02:00,9999798.06829
2025-10-09 17:46:20.997073+02:00,9999798.06008
2025-10-09 17:46:22.148646+02:00,9999798.06439
2025-10-09 17:46:23.299549+02:00,9999798.09616
2025-10-09 17:46:24.450121+02:00,9999798.08588
2025-10-09 17:46:25.600820+02:00,9999798.08074
2025-10-09 17:46:26.751603+02:00,9999798.05818
2025-10-09 17:46:27.902617+02:00,9999798.0444
2025-10-09 17:46:29.053635+02:00,9999798.04424
2025-10-09 17:46:30.204442+02:00,9999798.06255
2025-10-09 17:46:31.355086+02:00,9999798.10049
2025-10-09 17:46:32.505837+02:00,9999798.13386
2025-10-09 17:46:33.656264+02:00,9999798.13015
2025-10-09 17:46:34.806855+02:00,9999798.11951
2025-10-09 17:46:35.957359+02:00,9999798.16614
2025-10-09 17:46:37.108443+02:00,9999798.17569
2025-10-09 17:46:38.259663+02:00,9999798.18185
2025-10-09 17:46:39.411120+02:00,9999798.16875
2025-10-09 17:46:40.562003+02:00,9999798.16354
2025-10-09 17:46:41.713170+02:00,9999798.18285
2025-10-09 17:46:42.863881+02:00,9999798.18662
2025-10-09 17:46:44.015132+02:00,9999798.15746
2025-10-09 17:46:45.166702+02:00,9999798.15169
2025-10-09 17:46:46.317567+02:00,9999798.14664
2025-10-09 17:46:47.468996+02:00,9999798.16292
2025-10-09 17:46:48.619784+02:00,9999798.16899
2025-10-09 17:46:49.770725+02:00,9999798.12773
2025-10-09 17:46:50.921695+02:00,9999798.10758
2025-10-09 17:46:52.072699+02:00,9999798.09469
2025-10-09 17:46:53.223548+02:00,9999798.07839
2025-10-09 17:46:54.374773+02:00,9999798.0817
2025-10-09 17:46:55.526054+02:00,9999798.07796
2025-10-09 17:46:56.676997+02:00,9999798.05213
2025-10-09 17:46:57.827603+02:00,9999798.08628
2025-10-09 17:46:58.978573+02:00,9999798.12185
2025-10-09 17:47:00.129585+02:00,9999798.10603
2025-10-09 17:47:01.280027+02:00,9999798.11146
2025-10-09 17:47:02.430872+02:00,9999798.09307
2025-10-09 17:47:03.582002+02:00,9999798.1704
2025-10-09 17:47:04.732808+02:00,9999798.15456
2025-10-09 17:47:05.883498+02:00,9999798.15708
2025-10-09 17:47:07.033823+02:00,9999798.15635
2025-10-09 17:47:08.184811+02:00,9999798.14935
2025-10-09 17:47:09.335508+02:00,9999798.13546
2025-10-09 17:47:10.485953+02:00,9999798.15188
2025-10-09 17:47:11.636636+02:00,9999798.15467
2025-10-09 17:47:12.787011+02:00,9999798.15364
2025-10-09 17:47:13.937828+02:00,9999798.13332
2025-10-09 17:47:15.088654+02:00,9999798.09453
2025-10-09 17:47:16.239396+02:00,9999798.10617
2025-10-09 17:47:17.389636+02:00,9999798.09317
2025-10-09 17:47:18.540108+02:00,9999798.083
2025-10-09 17:47:19.690563+02:00,9999798.09486
2025-10-09 17:47:20.841395+02:00,9999798.05908
2025-10-09 17:47:21.991935+02:00,9999798.09008
2025-10-09 17:47:23.142645+02:00,9999798.1334
2025-10-09 17:47:24.293229+02:00,9999798.14669
2025-10-09 17:47:25.443729+02:00,9999798.16229
2025-10-09 17:47:26.594091+02:00,9999798.16188
2025-10-09 17:47:27.745055+02:00,9999798.1535
2025-10-09 17:47:28.895565+02:00,9999798.14716
2025-10-09 17:47:30.045845+02:00,9999798.16148
2025-10-09 17:47:31.196522+02:00,9999798.17634
2025-10-09 17:47:32.347062+02:00,9999798.18833
2025-10-09 17:47:33.497711+02:00,9999798.15367
2025-10-09 17:47:34.647986+02:00,9999798.18654
2025-10-09 17:47:35.798996+02:00,9999798.16867
2025-10-09 17:47:36.949492+02:00,9999798.1656
2025-10-09 17:47:38.099748+02:00,9999798.19869
2025-10-09 17:47:39.250269+02:00,9999798.21543
2025-10-09 17:47:40.400827+02:00,9999798.1815
2025-10-09 17:47:41.551456+02:00,9999798.18524
2025-10-09 17:47:42.701639+02:00,9999798.1826
2025-10-09 17:47:43.852073+02:00,9999798.20594
2025-10-09 17:47:45.002756+02:00,9999798.1953
2025-10-09 17:47:46.153277+02:00,9999798.20466
2025-10-09 17:47:47.303634+02:00,9999798.20401
2025-10-09 17:47:48.454115+02:00,9999798.1965
2025-10-09 17:47:49.604899+02:00,9999798.17045
2025-10-09 17:47:50.755713+02:00,9999798.21096
2025-10-09 17:47:51.906538+02:00,9999798.22018
2025-10-09 17:47:53.057370+02:00,9999798.23209
2025-10-09 17:47:54.207860+02:00,9999798.2128
2025-10-09 17:47:55.358608+02:00,9999798.17997
2025-10-09 17:47:56.509682+02:00,9999798.17963
2025-10-09 17:47:57.659989+02:00,9999798.15006
2025-10-09 17:47:58.810602+02:00,9999798.13343
2025-10-09 17:47:59.961066+02:00,9999798.17851
2025-10-09 17:48:01.111529+02:00,9999798.21899
2025-10-09 17:48:02.262111+02:00,9999798.22088
2025-10-09 17:48:03.412994+02:00,9999798.16967
2025-10-09 17:48:04.563380+02:00,9999798.20898
2025-10-09 17:48:05.713650+02:00,9999798.21184
2025-10-09 17:48:06.864061+02:00,9999798.17186
2025-10-09 17:48:08.015186+02:00,9999798.17857
2025-10-09 17:48:09.165531+02:00,9999798.1793
2025-10-09 17:48:10.316223+02:00,9999798.18622
2025-10-09 17:48:11.466960+02:00,9999798.20485
2025-10-09 17:48:12.617813+02:00,9999798.22362
2025-10-09 17:48:13.768896+02:00,9999798.20993
2025-10-09 17:48:14.919396+02:00,9999798.21421
2025-10-09 17:48:16.069658+02:00,9999798.25788
2025-10-09 17:48:17.219896+02:00,9999798.24386
2025-10-09 17:48:18.370305+02:00,9999798.23673
2025-10-09 17:48:19.520968+02:00,9999798.24779
2025-10-09 17:48:20.671774+02:00,9999798.24231
2025-10-09 17:48:21.822463+02:00,9999798.22967
2025-10-09 17:48:22.973529+02:00,9999798.23648
2025-10-09 17:48:24.124560+02:00,9999798.25037
2025-10-09 17:48:25.274986+02:00,9999798.28321
2025-10-09 17:48:26.425571+02:00,9999798.25926
2025-10-09 17:48:27.575812+02:00,9999798.30399
2025-10-09 17:48:28.725945+02:00,9999798.30605
2025-10-09 17:48:29.876772+02:00,9999798.30017
2025-10-09 17:48:31.027373+02:00,9999798.27839
2025-10-09 17:48:32.177794+02:00,9999798.27183
2025-10-09 17:48:33.328285+02:00,9999798.27226
2025-10-09 17:48:34.479268+02:00,9999798.26293
2025-10-09 17:48:35.630360+02:00,9999798.28474
2025-10-09 17:48:36.781637+02:00,9999798.22972
2025-10-09 17:48:37.931882+02:00,9999798.24983
2025-10-09 17:48:39.082465+02:00,9999798.24717
2025-10-09 17:48:40.232916+02:00,9999798.27389
2025-10-09 17:48:41.383728+02:00,9999798.2482
2025-10-09 17:48:42.534562+02:00,9999798.23607
2025-10-09 17:48:43.685266+02:00,9999798.21079
2025-10-09 17:48:44.836349+02:00,9999798.21909
2025-10-09 17:48:45.987074+02:00,9999798.21345
2025-10-09 17:48:47.138586+02:00,9999798.16324
2025-10-09 17:48:48.290347+02:00,9999798.17368
2025-10-09 17:48:49.441725+02:00,9999798.17764
2025-10-09 17:48:50.592509+02:00,9999798.18123
2025-10-09 17:48:51.743383+02:00,9999798.18922
2025-10-09 17:48:52.894746+02:00,9999798.18296
2025-10-09 17:48:54.045946+02:00,9999798.18258
2025-10-09 17:48:55.197149+02:00,9999798.17018
2025-10-09 17:48:56.348171+02:00,9999798.18486
2025-10-09 17:48:57.499294+02:00,9999798.18142
2025-10-09 17:48:58.650115+02:00,9999798.14452
2025-10-09 17:48:59.800708+02:00,9999798.16603
2025-10-09 17:49:00.951325+02:00,9999798.14488
2025-10-09 17:49:02.101605+02:00,9999798.16338
2025-10-09 17:49:03.252059+02:00,9999798.15638
2025-10-09 17:49:04.402940+02:00,9999798.11452
2025-10-09 17:49:05.553685+02:00,9999798.1439
2025-10-09 17:49:06.704667+02:00,9999798.16221
2025-10-09 17:49:07.855470+02:00,9999798.1698
2025-10-09 17:49:09.006765+02:00,9999798.1755
2025-10-09 17:49:10.157911+02:00,9999798.16443
2025-10-09 17:49:11.308859+02:00,9999798.20067
2025-10-09 17:49:12.460088+02:00,9999798.16018
2025-10-09 17:49:13.611201+02:00,9999798.17952
2025-10-09 17:49:14.761996+02:00,9999798.20411
2025-10-09 17:49:15.912705+02:00,9999798.19194
2025-10-09 17:49:17.063598+02:00,9999798.21955
2025-10-09 17:49:18.214072+02:00,9999798.23754
2025-10-09 17:49:19.365910+02:00,9999798.22674
2025-10-09 17:49:20.516535+02:00,9999798.21801
2025-10-09 17:49:21.667005+02:00,9999798.26136
2025-10-09 17:49:22.817860+02:00,9999798.28957
2025-10-09 17:49:23.968798+02:00,9999798.26768
2025-10-09 17:49:25.119444+02:00,9999798.2345
2025-10-09 17:49:26.269704+02:00,9999798.23515
2025-10-09 17:49:27.420022+02:00,9999798.26778
2025-10-09 17:49:28.570743+02:00,9999798.23675
2025-10-09 17:49:29.721541+02:00,9999798.24785
2025-10-09 17:49:30.872745+02:00,9999798.26464
2025-10-09 17:49:32.023486+02:00,9999798.23735
2025-10-09 17:49:33.173821+02:00,9999798.25102
2025-10-09 17:49:34.324907+02:00,9999798.24071
2025-10-09 17:49:35.475821+02:00,9999798.26965
2025-10-09 17:49:36.626696+02:00,9999798.27503
2025-10-09 17:49:37.777318+02:00,9999798.29111
2025-10-09 17:49:38.927880+02:00,9999798.25978
2025-10-09 17:49:40.078811+02:00,9999798.30541
2025-10-09 17:49:41.230071+02:00,9999798.27587
2025-10-09 17:49:42.381146+02:00,9999798.25158
2025-10-09 17:49:43.531804+02:00,9999798.24516
2025-10-09 17:49:44.682922+02:00,9999798.21136
2025-10-09 17:49:45.833936+02:00,9999798.21494
2025-10-09 17:49:46.985528+02:00,9999798.23572
2025-10-09 17:49:48.136863+02:00,9999798.24633
2025-10-09 17:49:49.287997+02:00,9999798.26806
2025-10-09 17:49:50.439230+02:00,9999798.25162
2025-10-09 17:49:51.590193+02:00,9999798.21599
2025-10-09 17:49:52.741053+02:00,9999798.22333
2025-10-09 17:49:53.891618+02:00,9999798.20423
2025-10-09 17:49:55.042486+02:00,9999798.22501
2025-10-09 17:49:56.193271+02:00,9999798.25314
2025-10-09 17:49:57.343964+02:00,9999798.23249
2025-10-09 17:49:58.494538+02:00,9999798.20027
2025-10-09 17:49:59.645076+02:00,9999798.23192
2025-10-09 17:50:00.795749+02:00,9999798.21269
2025-10-09 17:50:01.946809+02:00,9999798.21861
2025-10-09 17:50:03.097633+02:00,9999798.20867
2025-10-09 17:50:04.248191+02:00,9999798.18985
2025-10-09 17:50:05.399315+02:00,9999798.20068
2025-10-09 17:50:06.550002+02:00,9999798.22495
2025-10-09 17:50:07.700782+02:00,9999798.20544
2025-10-09 17:50:08.851898+02:00,9999798.18912
2025-10-09 17:50:10.003046+02:00,9999798.18538
2025-10-09 17:50:11.154197+02:00,9999798.18847
2025-10-09 17:50:12.304999+02:00,9999798.23485
2025-10-09 17:50:13.455873+02:00,9999798.28208
2025-10-09 17:50:14.606966+02:00,9999798.27991
2025-10-09 17:50:15.757841+02:00,9999798.32453
2025-10-09 17:50:16.909059+02:00,9999798.28498
2025-10-09 17:50:18.059925+02:00,9999798.29433
2025-10-09 17:50:19.210513+02:00,9999798.33017
2025-10-09 17:50:20.361165+02:00,9999798.30822
2025-10-09 17:50:21.511587+02:00,9999798.30068
2025-10-09 17:50:22.662078+02:00,9999798.27348
2025-10-09 17:50:23.812751+02:00,9999798.2683
2025-10-09 17:50:24.963465+02:00,9999798.26724
2025-10-09 17:50:26.113736+02:00,9999798.27728
2025-10-09 17:50:27.264757+02:00,9999798.30666
2025-10-09 17:50:28.415652+02:00,9999798.29101
2025-10-09 17:50:29.566592+02:00,9999798.2703
2025-10-09 17:50:30.717303+02:00,9999798.27716
2025-10-09 17:50:31.867810+02:00,9999798.29428
2025-10-09 17:50:33.018632+02:00,9999798.30655
2025-10-09 17:50:34.169712+02:00,9999798.31363
2025-10-09 17:50:35.320983+02:00,9999798.36631
2025-10-09 17:50:36.471739+02:00,9999798.34661
2025-10-09 17:50:37.622824+02:00,9999798.34477
2025-10-09 17:50:38.773907+02:00,9999798.2932
2025-10-09 17:50:39.924816+02:00,9999798.28853
2025-10-09 17:50:41.075765+02:00,9999798.29751
2025-10-09 17:50:42.226624+02:00,9999798.25002
2025-10-09 17:50:43.377572+02:00,9999798.2473
2025-10-09 17:50:44.527989+02:00,9999798.28395
2025-10-09 17:50:45.679094+02:00,9999798.2587
2025-10-09 17:50:46.830382+02:00,9999798.23295
2025-10-09 17:50:47.981714+02:00,9999798.25745
2025-10-09 17:50:49.132810+02:00,9999798.29931
2025-10-09 17:50:50.284014+02:00,9999798.27237
2025-10-09 17:50:51.434547+02:00,9999798.24052
2025-10-09 17:50:52.585377+02:00,9999798.27738
2025-10-09 17:50:53.736560+02:00,9999798.29917
2025-10-09 17:50:54.887409+02:00,9999798.28718
2025-10-09 17:50:56.038168+02:00,9999798.34683
2025-10-09 17:50:57.189211+02:00,9999798.34138
2025-10-09 17:50:58.339939+02:00,9999798.37385
2025-10-09 17:50:59.491039+02:00,9999798.39238
2025-10-09 17:51:00.641828+02:00,9999798.38234
2025-10-09 17:51:01.793453+02:00,9999798.38347
2025-10-09 17:51:02.944715+02:00,9999798.37642
2025-10-09 17:51:04.095289+02:00,9999798.40433
2025-10-09 17:51:05.245460+02:00,9999798.37601
2025-10-09 17:51:06.395683+02:00,9999798.35008
2025-10-09 17:51:07.546200+02:00,9999798.3446
2025-10-09 17:51:08.697163+02:00,9999798.39297
2025-10-09 17:51:09.847769+02:00,9999798.38374
2025-10-09 17:51:10.998655+02:00,9999798.3606
2025-10-09 17:51:12.149508+02:00,9999798.37802
2025-10-09 17:51:13.300160+02:00,9999798.38312
2025-10-09 17:51:14.450696+02:00,9999798.34023
2025-10-09 17:51:15.601424+02:00,9999798.3449
2025-10-09 17:51:16.752099+02:00,9999798.35857
2025-10-09 17:51:17.902623+02:00,9999798.37653
2025-10-09 17:51:19.053217+02:00,9999798.36066
2025-10-09 17:51:20.203429+02:00,9999798.34837
2025-10-09 17:51:21.353672+02:00,9999798.34389
2025-10-09 17:51:22.504016+02:00,9999798.3551
2025-10-09 17:51:23.654507+02:00,9999798.35238
2025-10-09 17:51:24.805099+02:00,9999798.35396
2025-10-09 17:51:25.955686+02:00,9999798.38057
2025-10-09 17:51:27.106125+02:00,9999798.37799
2025-10-09 17:51:28.256944+02:00,9999798.37767
2025-10-09 17:51:29.407344+02:00,9999798.37835
2025-10-09 17:51:30.557764+02:00,9999798.3914
2025-10-09 17:51:31.708014+02:00,9999798.41587
2025-10-09 17:51:32.858830+02:00,9999798.40515
2025-10-09 17:51:34.009600+02:00,9999798.3732
2025-10-09 17:51:35.159940+02:00,9999798.38063
2025-10-09 17:51:36.310510+02:00,9999798.38787
2025-10-09 17:51:37.461173+02:00,9999798.38953
2025-10-09 17:51:38.611644+02:00,9999798.38486
2025-10-09 17:51:39.762282+02:00,9999798.39628
2025-10-09 17:51:40.913159+02:00,9999798.41142
2025-10-09 17:51:42.064212+02:00,9999798.46391
2025-10-09 17:51:43.215090+02:00,9999798.47921
2025-10-09 17:51:44.365625+02:00,9999798.47773
2025-10-09 17:51:45.516599+02:00,9999798.48506
2025-10-09 17:51:46.667477+02:00,9999798.47356
2025-10-09 17:51:47.818216+02:00,9999798.46187
2025-10-09 17:51:48.969354+02:00,9999798.44885
2025-10-09 17:51:50.119601+02:00,9999798.45294
2025-10-09 17:51:51.270003+02:00,9999798.4613
2025-10-09 17:51:52.420437+02:00,9999798.4539
2025-10-09 17:51:53.571391+02:00,9999798.4485
2025-10-09 17:51:54.722633+02:00,9999798.47316
2025-10-09 17:51:55.873085+02:00,9999798.49068
2025-10-09 17:51:57.023854+02:00,9999798.53844
2025-10-09 17:51:58.175575+02:00,9999798.58827
2025-10-09 17:51:59.326017+02:00,9999798.57433
2025-10-09 17:52:00.476662+02:00,9999798.54202
2025-10-09 17:52:01.627285+02:00,9999798.52784
2025-10-09 17:52:02.777649+02:00,9999798.55302
2025-10-09 17:52:03.928556+02:00,9999798.55114
2025-10-09 17:52:05.079407+02:00,9999798.53874
2025-10-09 17:52:06.229885+02:00,9999798.53131
2025-10-09 17:52:07.380712+02:00,9999798.52868
2025-10-09 17:52:08.531171+02:00,9999798.54328
2025-10-09 17:52:09.681627+02:00,9999798.54349
2025-10-09 17:52:10.831875+02:00,9999798.53494
2025-10-09 17:52:11.982550+02:00,9999798.53256
2025-10-09 17:52:13.133385+02:00,9999798.51835
2025-10-09 17:52:14.283769+02:00,9999798.52456
2025-10-09 17:52:15.434455+02:00,9999798.51018
2025-10-09 17:52:16.584958+02:00,9999798.51156
2025-10-09 17:52:17.735518+02:00,9999798.49954
2025-10-09 17:52:18.886043+02:00,9999798.5164
2025-10-09 17:52:20.036422+02:00,9999798.52209
2025-10-09 17:52:21.187003+02:00,9999798.53109
2025-10-09 17:52:22.337396+02:00,9999798.54723
2025-10-09 17:52:23.487840+02:00,9999798.55296
2025-10-09 17:52:24.638270+02:00,9999798.5509
2025-10-09 17:52:25.788752+02:00,9999798.53826
2025-10-09 17:52:26.939181+02:00,9999798.53907
2025-10-09 17:52:28.089540+02:00,9999798.54512
2025-10-09 17:52:29.239917+02:00,9999798.5598
2025-10-09 17:52:30.390615+02:00,9999798.57694
2025-10-09 17:52:31.541257+02:00,9999798.57238
2025-10-09 17:52:32.691663+02:00,9999798.55475
2025-10-09 17:52:33.842698+02:00,9999798.53232
2025-10-09 17:52:34.993484+02:00,9999798.52329
2025-10-09 17:52:36.144457+02:00,9999798.50924
2025-10-09 17:52:37.294999+02:00,9999798.54287
2025-10-09 17:52:38.445531+02:00,9999798.47627
2025-10-09 17:52:39.595789+02:00,9999798.46159
2025-10-09 17:52:40.746711+02:00,9999798.44017
2025-10-09 17:52:41.897347+02:00,9999798.42053
2025-10-09 17:52:43.047489+02:00,9999798.44343
2025-10-09 17:52:44.197764+02:00,9999798.42967
2025-10-09 17:52:45.348944+02:00,9999798.40114
2025-10-09 17:52:46.499784+02:00,9999798.40046
2025-10-09 17:52:47.650619+02:00,9999798.39449
2025-10-09 17:52:48.801527+02:00,9999798.38714
2025-10-09 17:52:49.951858+02:00,9999798.35871
2025-10-09 17:52:51.102528+02:00,9999798.36712
2025-10-09 17:52:52.253017+02:00,9999798.3467
2025-10-09 17:52:53.403425+02:00,9999798.33644
2025-10-09 17:52:54.554036+02:00,9999798.33565
2025-10-09 17:52:55.704793+02:00,9999798.33536
2025-10-09 17:52:56.855469+02:00,9999798.35367
2025-10-09 17:52:58.006096+02:00,9999798.32952
2025-10-09 17:52:59.156949+02:00,9999798.33018
2025-10-09 17:53:00.307294+02:00,9999798.34919
2025-10-09 17:53:01.457345+02:00,9999798.36788
2025-10-09 17:53:02.607399+02:00,9999798.33123
2025-10-09 17:53:03.757537+02:00,9999798.36671
2025-10-09 17:53:04.907861+02:00,9999798.35909
2025-10-09 17:53:06.058484+02:00,9999798.37903
2025-10-09 17:53:07.209031+02:00,9999798.34135
2025-10-09 17:53:08.359481+02:00,9999798.3324
2025-10-09 17:53:09.509741+02:00,9999798.37336
2025-10-09 17:53:10.660538+02:00,9999798.36335
2025-10-09 17:53:11.811333+02:00,9999798.35814
2025-10-09 17:53:12.961927+02:00,9999798.36994
2025-10-09 17:53:14.112218+02:00,9999798.356
2025-10-09 17:53:15.262777+02:00,9999798.36905
2025-10-09 17:53:16.413590+02:00,9999798.37819
2025-10-09 17:53:17.564313+02:00,9999798.38445
2025-10-09 17:53:18.715048+02:00,9999798.41603
2025-10-09 17:53:19.865867+02:00,9999798.39097
2025-10-09 17:53:21.016821+02:00,9999798.40078
2025-10-09 17:53:22.167645+02:00,9999798.41891
2025-10-09 17:53:23.318176+02:00,9999798.40605
2025-10-09 17:53:24.469153+02:00,9999798.41999
2025-10-09 17:53:25.619712+02:00,9999798.39628
2025-10-09 17:53:26.770026+02:00,9999798.39419
2025-10-09 17:53:27.921014+02:00,9999798.40176
2025-10-09 17:53:29.072067+02:00,9999798.38535
2025-10-09 17:53:30.223320+02:00,9999798.38066
2025-10-09 17:53:31.373770+02:00,9999798.39693
2025-10-09 17:53:32.524416+02:00,9999798.39615
2025-10-09 17:53:33.675432+02:00,9999798.39588
2025-10-09 17:53:34.826126+02:00,9999798.41364
2025-10-09 17:53:35.977257+02:00,9999798.40705
2025-10-09 17:53:37.127598+02:00,9999798.39669
2025-10-09 17:53:38.278480+02:00,9999798.39726
2025-10-09 17:53:39.429648+02:00,9999798.41063
2025-10-09 17:53:40.580596+02:00,9999798.38017
2025-10-09 17:53:41.731566+02:00,9999798.36777
2025-10-09 17:53:42.882604+02:00,9999798.36533
2025-10-09 17:53:44.033571+02:00,9999798.3653
2025-10-09 17:53:45.184069+02:00,9999798.35589
2025-10-09 17:53:46.335031+02:00,9999798.37485
2025-10-09 17:53:47.485762+02:00,9999798.38266
2025-10-09 17:53:48.636726+02:00,9999798.39541
2025-10-09 17:53:49.787669+02:00,9999798.44136
2025-10-09 17:53:50.938488+02:00,9999798.45254
2025-10-09 17:53:52.089387+02:00,9999798.46355
2025-10-09 17:53:53.240485+02:00,9999798.4527
2025-10-09 17:53:54.391297+02:00,9999798.43155
2025-10-09 17:53:55.541915+02:00,9999798.44468
2025-10-09 17:53:56.692561+02:00,9999798.42189
2025-10-09 17:53:57.843313+02:00,9999798.47283
2025-10-09 17:53:58.994110+02:00,9999798.46147
2025-10-09 17:54:00.145030+02:00,9999798.47318
2025-10-09 17:54:01.295664+02:00,9999798.47594
2025-10-09 17:54:02.445982+02:00,9999798.45834
2025-10-09 17:54:03.596721+02:00,9999798.44668
2025-10-09 17:54:04.747538+02:00,9999798.4164
2025-10-09 17:54:05.898532+02:00,9999798.40222
2025-10-09 17:54:07.049612+02:00,9999798.4135
2025-10-09 17:54:08.200262+02:00,9999798.44594
2025-10-09 17:54:09.351281+02:00,9999798.42386
2025-10-09 17:54:10.502108+02:00,9999798.41719
2025-10-09 17:54:11.653111+02:00,9999798.40694
2025-10-09 17:54:12.803517+02:00,9999798.45481
2025-10-09 17:54:13.954669+02:00,9999798.46569
2025-10-09 17:54:15.105721+02:00,9999798.44993
2025-10-09 17:54:16.256470+02:00,9999798.46551
2025-10-09 17:54:17.406941+02:00,9999798.47093
2025-10-09 17:54:18.557581+02:00,9999798.46133
2025-10-09 17:54:19.708877+02:00,9999798.46271
2025-10-09 17:54:20.859536+02:00,9999798.46741
2025-10-09 17:54:22.010120+02:00,9999798.48219
2025-10-09 17:54:23.160642+02:00,9999798.44638
2025-10-09 17:54:24.311297+02:00,9999798.44404
2025-10-09 17:54:25.461603+02:00,9999798.48403
2025-10-09 17:54:26.612544+02:00,9999798.48096
2025-10-09 17:54:27.763293+02:00,9999798.44147
2025-10-09 17:54:28.913812+02:00,9999798.45379
2025-10-09 17:54:30.064271+02:00,9999798.46101
2025-10-09 17:54:31.214530+02:00,9999798.50164
2025-10-09 17:54:32.365050+02:00,9999798.47478
2025-10-09 17:54:33.516307+02:00,9999798.49434
2025-10-09 17:54:34.667360+02:00,9999798.48481
2025-10-09 17:54:35.817803+02:00,9999798.50052
2025-10-09 17:54:36.968784+02:00,9999798.52382
2025-10-09 17:54:38.120839+02:00,9999798.50158
2025-10-09 17:54:39.272118+02:00,9999798.48726
2025-10-09 17:54:40.423020+02:00,9999798.47217
2025-10-09 17:54:41.573881+02:00,9999798.44218
2025-10-09 17:54:42.725023+02:00,9999798.41223
2025-10-09 17:54:43.875791+02:00,9999798.40308
2025-10-09 17:54:45.026466+02:00,9999798.38087
2025-10-09 17:54:46.177105+02:00,9999798.36253
2025-10-09 17:54:47.327850+02:00,9999798.34979
2025-10-09 17:54:48.478883+02:00,9999798.35089
2025-10-09 17:54:49.629528+02:00,9999798.36546
2025-10-09 17:54:50.780139+02:00,9999798.34929
2025-10-09 17:54:51.931147+02:00,9999798.33348
2025-10-09 17:54:53.081621+02:00,9999798.33104
2025-10-09 17:54:54.232358+02:00,9999798.32535
2025-10-09 17:54:55.382958+02:00,9999798.34653
2025-10-09 17:54:56.533544+02:00,9999798.38779
2025-10-09 17:54:57.683977+02:00,9999798.37099
2025-10-09 17:54:58.834534+02:00,9999798.45373
2025-10-09 17:54:59.984933+02:00,9999798.50101
2025-10-09 17:55:01.135683+02:00,9999798.45647
2025-10-09 17:55:02.286422+02:00,9999798.44746
2025-10-09 17:55:03.437397+02:00,9999798.41711
2025-10-09 17:55:04.588145+02:00,9999798.39913
2025-10-09 17:55:05.738945+02:00,9999798.38161
2025-10-09 17:55:06.889529+02:00,9999798.38703
2025-10-09 17:55:08.040162+02:00,9999798.39292
2025-10-09 17:55:09.190911+02:00,9999798.3675
2025-10-09 17:55:10.341971+02:00,9999798.3337
2025-10-09 17:55:11.493096+02:00,9999798.31818
2025-10-09 17:55:12.643784+02:00,9999798.33901
2025-10-09 17:55:13.794301+02:00,9999798.36212
2025-10-09 17:55:14.944814+02:00,9999798.32371
2025-10-09 17:55:16.095666+02:00,9999798.31799
2025-10-09 17:55:17.246389+02:00,9999798.30571
2025-10-09 17:55:18.397096+02:00,9999798.26312
2025-10-09 17:55:19.547721+02:00,9999798.24929
2025-10-09 17:55:20.698525+02:00,9999798.24649
2025-10-09 17:55:21.849616+02:00,9999798.25877
2025-10-09 17:55:22.999932+02:00,9999798.25603
2025-10-09 17:55:24.150729+02:00,9999798.24202
2025-10-09 17:55:25.301411+02:00,9999798.23873
2025-10-09 17:55:26.451593+02:00,9999798.22588
2025-10-09 17:55:27.602090+02:00,9999798.223
2025-10-09 17:55:28.752605+02:00,9999798.21866
2025-10-09 17:55:29.903064+02:00,9999798.20209
2025-10-09 17:55:31.053531+02:00,9999798.21404
2025-10-09 17:55:32.204345+02:00,9999798.19802
2025-10-09 17:55:33.355027+02:00,9999798.18774
2025-10-09 17:55:34.505464+02:00,9999798.24736
2025-10-09 17:55:35.656593+02:00,9999798.23768
2025-10-09 17:55:36.807382+02:00,9999798.22823
2025-10-09 17:55:37.957995+02:00,9999798.20379
2025-10-09 17:55:39.108740+02:00,9999798.20105
2025-10-09 17:55:40.259460+02:00,9999798.24204
2025-10-09 17:55:41.409886+02:00,9999798.21234
2025-10-09 17:55:42.560597+02:00,9999798.20233
2025-10-09 17:55:43.711572+02:00,9999798.28517
2025-10-09 17:55:44.862191+02:00,9999798.29491
2025-10-09 17:55:46.012968+02:00,9999798.31892
2025-10-09 17:55:47.163682+02:00,9999798.39099
2025-10-09 17:55:48.314463+02:00,9999798.4172
2025-10-09 17:55:49.465300+02:00,9999798.38565
2025-10-09 17:55:50.615682+02:00,9999798.38473
2025-10-09 17:55:51.765933+02:00,9999798.45856
2025-10-09 17:55:52.916622+02:00,9999798.47179
2025-10-09 17:55:54.067185+02:00,9999798.45628
2025-10-09 17:55:55.217422+02:00,9999798.4721
2025-10-09 17:55:56.367772+02:00,9999798.49426
2025-10-09 17:55:57.518597+02:00,9999798.50205
2025-10-09 17:55:58.669207+02:00,9999798.49068
2025-10-09 17:55:59.819743+02:00,9999798.49406
2025-10-09 17:56:00.970757+02:00,9999798.51007
2025-10-09 17:56:02.121659+02:00,9999798.54604
2025-10-09 17:56:03.273002+02:00,9999798.5022
2025-10-09 17:56:04.423692+02:00,9999798.50134
2025-10-09 17:56:05.574533+02:00,9999798.47221
2025-10-09 17:56:06.725531+02:00,9999798.49711
2025-10-09 17:56:07.876474+02:00,9999798.50248
2025-10-09 17:56:09.027582+02:00,9999798.48227
2025-10-09 17:56:10.177827+02:00,9999798.51968
2025-10-09 17:56:11.328147+02:00,9999798.51427
2025-10-09 17:56:12.478507+02:00,9999798.51181
2025-10-09 17:56:13.629573+02:00,9999798.49966
2025-10-09 17:56:14.780041+02:00,9999798.49437
2025-10-09 17:56:15.931166+02:00,9999798.48924
2025-10-09 17:56:17.082412+02:00,9999798.49391
2025-10-09 17:56:18.233428+02:00,9999798.48905
2025-10-09 17:56:19.384526+02:00,9999798.49874
2025-10-09 17:56:20.535532+02:00,9999798.53166
2025-10-09 17:56:21.686765+02:00,9999798.54327
2025-10-09 17:56:22.837949+02:00,9999798.52824
2025-10-09 17:56:23.989472+02:00,9999798.51395
2025-10-09 17:56:25.140687+02:00,9999798.49111
2025-10-09 17:56:26.291553+02:00,9999798.47836
2025-10-09 17:56:27.442040+02:00,9999798.4664
2025-10-09 17:56:28.593433+02:00,9999798.47383
2025-10-09 17:56:29.744469+02:00,9999798.45191
2025-10-09 17:56:30.895231+02:00,9999798.44823
2025-10-09 17:56:32.046292+02:00,9999798.45294
2025-10-09 17:56:33.196978+02:00,9999798.46643
2025-10-09 17:56:34.347624+02:00,9999798.51908
2025-10-09 17:56:35.498160+02:00,9999798.51081
2025-10-09 17:56:36.648782+02:00,9999798.48639
2025-10-09 17:56:37.799613+02:00,9999798.47462
2025-10-09 17:56:38.950655+02:00,9999798.46838
2025-10-09 17:56:40.101092+02:00,9999798.44803
2025-10-09 17:56:41.251572+02:00,9999798.44882
2025-10-09 17:56:42.402411+02:00,9999798.47644
2025-10-09 17:56:43.553309+02:00,9999798.49242
2025-10-09 17:56:44.703821+02:00,9999798.50479
2025-10-09 17:56:45.854663+02:00,9999798.51132
2025-10-09 17:56:47.005823+02:00,9999798.52662
2025-10-09 17:56:48.156872+02:00,9999798.52512
2025-10-09 17:56:49.307617+02:00,9999798.52095
2025-10-09 17:56:50.458559+02:00,9999798.53074
2025-10-09 17:56:51.609632+02:00,9999798.53283
2025-10-09 17:56:52.760271+02:00,9999798.52502
2025-10-09 17:56:53.911003+02:00,9999798.54876
2025-10-09 17:56:55.061591+02:00,9999798.55462
2025-10-09 17:56:56.212381+02:00,9999798.56956
2025-10-09 17:56:57.363224+02:00,9999798.55285
2025-10-09 17:56:58.514459+02:00,9999798.52469
2025-10-09 17:56:59.665563+02:00,9999798.51126
2025-10-09 17:57:00.816390+02:00,9999798.54629
2025-10-09 17:57:01.967525+02:00,9999798.58188
2025-10-09 17:57:03.118902+02:00,9999798.59666
2025-10-09 17:57:04.269737+02:00,9999798.56177
2025-10-09 17:57:05.420682+02:00,9999798.60743
2025-10-09 17:57:06.571694+02:00,9999798.60542
2025-10-09 17:57:07.723032+02:00,9999798.59761
2025-10-09 17:57:08.873783+02:00,9999798.61109
2025-10-09 17:57:10.024635+02:00,9999798.59649
2025-10-09 17:57:11.175585+02:00,9999798.62175
2025-10-09 17:57:12.326716+02:00,9999798.65346
2025-10-09 17:57:13.477568+02:00,9999798.63635
2025-10-09 17:57:14.628671+02:00,9999798.62487
2025-10-09 17:57:15.779772+02:00,9999798.7165
2025-10-09 17:57:16.930813+02:00,9999798.71577
2025-10-09 17:57:18.081758+02:00,9999798.71781
2025-10-09 17:57:19.232139+02:00,9999798.7143
2025-10-09 17:57:20.383300+02:00,9999798.72279
2025-10-09 17:57:21.534708+02:00,9999798.71436
2025-10-09 17:57:22.685882+02:00,9999798.7088
2025-10-09 17:57:23.837131+02:00,9999798.68525
2025-10-09 17:57:24.988419+02:00,9999798.68322
2025-10-09 17:57:26.139597+02:00,9999798.66993
2025-10-09 17:57:27.290578+02:00,9999798.7178
2025-10-09 17:57:28.441642+02:00,9999798.73874
2025-10-09 17:57:29.592802+02:00,9999798.77035
2025-10-09 17:57:30.743784+02:00,9999798.7679
2025-10-09 17:57:31.894946+02:00,9999798.74729
2025-10-09 17:57:33.045886+02:00,9999798.82275
2025-10-09 17:57:34.196537+02:00,9999798.85606
2025-10-09 17:57:35.347666+02:00,9999798.88083
2025-10-09 17:57:36.498516+02:00,9999798.90088
2025-10-09 17:57:37.649524+02:00,9999798.94987
2025-10-09 17:57:38.800553+02:00,9999798.91704
2025-10-09 17:57:39.951420+02:00,9999798.93777
2025-10-09 17:57:41.102485+02:00,9999798.89456
2025-10-09 17:57:42.253517+02:00,9999798.87117
2025-10-09 17:57:43.404110+02:00,9999798.81853
2025-10-09 17:57:44.555553+02:00,9999798.80398
2025-10-09 17:57:45.706755+02:00,9999798.79864
2025-10-09 17:57:46.857664+02:00,9999798.79004
2025-10-09 17:57:48.008704+02:00,9999798.80208
2025-10-09 17:57:49.159503+02:00,9999798.79949
2025-10-09 17:57:50.310281+02:00,9999798.81174
2025-10-09 17:57:51.461272+02:00,9999798.79279
2025-10-09 17:57:52.612469+02:00,9999798.82015
2025-10-09 17:57:53.763687+02:00,9999798.8116
2025-10-09 17:57:54.914918+02:00,9999798.78095
2025-10-09 17:57:56.065803+02:00,9999798.7672
2025-10-09 17:57:57.216871+02:00,9999798.78299
2025-10-09 17:57:58.367770+02:00,9999798.81432
